{
    "field_x_um": [
        0.0
    ],
    "field_z_um": [
        0.0
    ],
    "fwhm_x_um": [
        32.393954048324474
    ],
    "fwhm_z_um": [
        32.870941537460155
    ]
}