{
    "field_x_um": [
        0.0
    ],
    "field_z_um": [
        -30.0,
        -20.0,
        -10.0,
        0.0,
        10.0,
        20.0,
        30.0,
        40.0,
        50.0,
        60.0,
        70.0,
        80.0
    ],
    "fwhm_x_um": [
        12.56575087557298,
        14.856140980102229,
        15.354290472834297,
        13.060694588750804,
        16.185123679734478,
        15.713883745818677,
        13.337613458112646,
        13.444247760302744,
        14.610998116903989,
        15.05038436323805,
        14.95543434272453,
        14.96531096978636
    ],
    "fwhm_z_um": [
        29.356338638448506,
        19.0406144578169,
        18.700316764998746,
        15.689611022143565,
        9.835712334396192,
        12.358849045422858,
        14.227542040056107,
        17.025027350083803,
        13.40012503562275,
        13.018172150205942,
        13.863655863251665,
        11.95210500500798
    ]
}