{
  "vmh_theta": 0.00095635776524707937,
  "vmh_p": 1.7337963086949892,
  "vmh_q": 0.10717024541721464,
  "vmh_lu": 0.029796294927928721,
  "vmh_ld": 0.029796294927928721,
  "hmh_theta": 0.00055616156060481192,
  "hmh_p": 1.8213554250670199,
  "hmh_q": 0.20942727605072778,
  "hmh_lu": 0.051762816191562339,
  "hmh_ld": 0.051762816191562339,
  "vme_theta": 0.00391786240226308,
  "vme_p": 0.276229075956005,
  "vme_q": 0.097148345278568415,
  "vme_lu": 0.023735064821093374,
  "vme_ld": 0.015491271117188652,
  "hme_theta": 0.0039774365654311758,
  "hme_p": 0.32676084590699828,
  "hme_q": 0.06131448958905765,
  "hme_lu": 0.014342327678486824,
  "hme_ld": 0.0093131141443909479
}