{"me_theta":0.0036,"me_p":0.31983933411475984,"me_q":0.22606135727497492,"me_lu":0.11669619665803456,"me_ld":0.05354959312160798,"mh_theta":0.0013761484025339,"mh_p":1.57522813600189,"mh_q":0.12112427180136992,"mh_lu":0.072728094604132,"mh_ld":0.072728094604132}