{"me_theta":0.004,"me_p":0.642275771221514,"me_q":0.074532141423319515,"me_lu":0.013652334897786224,"me_ld":0.0093777666066543249,"mh_theta":0.00034123481537965506,"mh_p":1.5639759167139606,"mh_q":0.28078038405432992,"mh_lu":0.056975899275326057,"mh_ld":0.056975899275326057}