{"me_theta":0.0041,"me_p":1.87800755651584,"me_q":0.21289295888087123,"me_lu":0.01821253326390565,"me_ld":0.01821253326390565,"mh_theta":0.004,"mh_p":0.17454966185491502,"mh_q":0.083682997290348948,"mh_lu":0.016107443151708815,"mh_ld":0.014579820157882582}