{"me_theta":0.004,"me_p":5.91430181033111,"me_q":0.12133098967188721,"me_lu":0.0262126234463116,"me_ld":0.0262126234463116,"mh_theta":0.0038,"mh_p":0.072372146846654384,"mh_q":0.0367478525984365,"mh_lu":0.018742169965722297,"mh_ld":0.014667669254975167}