{"me_theta":0.0039,"me_p":9.91141121178583,"me_q":0.12484666663861156,"me_lu":0.027358936516218142,"me_ld":0.027358936516218142,"mh_theta":0.0038,"mh_p":0.0729343058874113,"mh_q":0.036712972676303857,"mh_lu":0.018576303999357103,"mh_ld":0.014682524350964819}