{"me_theta":0.0033,"me_p":0.30463099535076088,"me_q":0.1771131188569752,"me_lu":0.11794387222806875,"me_ld":0.050080495016999467,"mh_theta":0.0012,"mh_p":9.6232083307344833,"mh_q":0.10494752797997059,"mh_lu":0.066608806986204874,"mh_ld":0.066608806986204874}