{
  "me_theta": 0.0028400698704608308,
  "me_p": 0.44395717638485732,
  "me_q": 0.23165997469084196,
  "me_lu": 0.13344170387793561,
  "me_ld": 0.055548265462415494,
  "mh_theta": 0.00085219358536058585,
  "mh_p": 1.5134000123447064,
  "mh_q": 0.1890134095256687,
  "mh_lu": 0.11129996757179532,
  "mh_ld": 0.11129996757179532
}