{"me_theta":0.00355851033990453,"me_p":0.30534834029774549,"me_q":0.18020643457829824,"me_lu":0.1111672782835197,"me_ld":0.048992963631157141,"mh_theta":0.00129736007082642,"mh_p":5.61353232973406,"mh_q":0.099080973446165455,"mh_lu":0.060532323633607,"mh_ld":0.060532323633607}