{"me_theta":0.00424306901612945,"me_p":1.88264342389517,"me_q":0.21338770993274569,"me_lu":0.012938398648033551,"me_ld":0.012938398648033551,"mh_theta":0.00413855759345954,"mh_p":0.18442433850925932,"mh_q":0.088424487630088477,"mh_lu":0.011884012154999854,"mh_ld":0.011073841109611069}