{
    "field_x_um": [
        -60.0,
        -50.0,
        -40.0,
        -30.0,
        -20.0,
        -10.0,
        0.0,
        10.0,
        20.0,
        30.0,
        40.0,
        50.0,
        60.0
    ],
    "field_z_um": [
        0.0
    ],
    "fwhm_x_um": [
        33.20121671252184,
        24.78280196581443,
        19.044979079750078,
        16.56426757647813,
        15.479673720823655,
        15.115547851347543,
        15.051192149769552,
        14.826376005126463,
        14.86242851821953,
        15.468385557632928,
        17.376493667865475,
        21.289747794722416,
        27.368534366006315
    ],
    "fwhm_z_um": [
        15.277067804126848,
        15.195735892421638,
        15.194399690179687,
        15.247605736901306,
        15.129043188704273,
        15.005010270745277,
        15.334899958382122,
        15.124352747295951,
        15.161745583626157,
        15.098617435463831,
        15.274791974763044,
        15.117644053901946,
        15.373424135203406
    ]
}