{
    "field_x_um": [
        -50.0,
        -40.0,
        -30.0,
        -20.0,
        -10.0,
        0.0,
        10.0,
        20.0,
        30.0,
        40.0,
        50.0
    ],
    "field_z_um": [
        -20.0,
        -10.0,
        0.0,
        10.0,
        20.0,
        30.0,
        40.0,
        50.0,
        60.0,
        70.0,
        80.0
    ],
    "fwhm_x_um": [
        24.233029964276284,
        18.537628534810096,
        15.95109121784111,
        15.10045759896866,
        14.930066011420564,
        15.063863110629025,
        15.097197388654706,
        14.680075260028786,
        15.284558971426407,
        17.713558058322747,
        20.531351186380675,
        24.16380319658765,
        19.03976476895366,
        16.286350313545654,
        15.44020332490112,
        14.215339008734048,
        14.636805836260503,
        14.228394192541401,
        15.027109977452142,
        15.238488206217824,
        16.927200949955363,
        20.30379056548975,
        24.047858911326898,
        19.23089682999671,
        16.009967695300077,
        15.3881373657685,
        14.982314342751664,
        14.325709363175411,
        14.563235121924208,
        14.275924784325298,
        14.929252903115525,
        16.901869664649553,
        20.255176702362064,
        23.937815955864608,
        19.275443958553865,
        16.67143213275284,
        15.739117593673427,
        15.110999679122614,
        14.489977063708483,
        14.778933008361662,
        14.357960917290995,
        15.422938667360825,
        16.628437998822278,
        20.833714356181417,
        24.06773826443043,
        18.594043958711268,
        16.618767348496704,
        14.570762326930378,
        14.865559201574854,
        14.955880068550188,
        13.785533133095669,
        14.760688872863227,
        14.987377461035578,
        16.42529826351506,
        20.612139140800537,
        24.473030957161086,
        19.575202456528473,
        16.156690087221477,
        14.583879165038184,
        14.398203707922278,
        14.728234783584323,
        15.094020692269822,
        14.616634572006319,
        15.440537061340251,
        16.951058781633265,
        21.3543479122053,
        23.936614466383503,
        18.618857204780284,
        16.446504054187017,
        15.108681320325331,
        15.017979513065058,
        14.769768519015734,
        14.337125425208853,
        14.67316991399855,
        15.721258567783877,
        17.47404915447521,
        20.8887608730613,
        25.038854071093397,
        18.579632931686206,
        16.16371997028159,
        15.877136417306815,
        14.75533148965701,
        14.527165354237852,
        15.141911288388997,
        14.744776209748352,
        15.139845757033584,
        16.61595267720145,
        20.786894832358826,
        23.708780673566025,
        18.671282931714927,
        16.37355297534117,
        14.9570543897363,
        14.365996280371093,
        14.747294982381733,
        14.458773818913954,
        14.822713744064913,
        15.225379933460601,
        17.03882699428368,
        21.324498419192082,
        24.820062198216192,
        18.710160084513063,
        16.07357968713967,
        15.286977489929143,
        14.714094192161127,
        14.934223328752083,
        14.399057873882924,
        14.605241106534777,
        15.469580652231116,
        16.937671486526938,
        21.275448091249018,
        23.34230337132908,
        18.462821045433316,
        16.142441362308432,
        15.454540594631283,
        15.228098387992674,
        14.609250512737637,
        15.034418394961648,
        15.315734879051433,
        14.78931617215386,
        16.642496750849546,
        20.633242230825317
    ],
    "fwhm_z_um": [
        22.233112260209623,
        21.097984529298913,
        21.781138367720644,
        20.382470545927617,
        21.969553567266587,
        21.414740498128538,
        21.78036546139856,
        21.19723808950033,
        21.22837897439291,
        20.568261600162828,
        21.08585404738227,
        17.52481623968515,
        16.45409700920692,
        17.77743679158641,
        16.905200972319648,
        17.634983605584807,
        17.036594057837448,
        17.360588677579074,
        17.530319770391486,
        17.062190096620412,
        17.21472643841767,
        17.756038690220095,
        15.17969955903812,
        14.995557441489758,
        15.332970059244087,
        15.094950899536386,
        15.02464114507574,
        15.386281477258326,
        15.276543129012897,
        14.970705081029855,
        14.93213132977275,
        15.211803313299352,
        14.74457046121914,
        13.147485051285486,
        13.56619354599178,
        13.687174275830529,
        13.504316974633838,
        14.059025358107505,
        13.462211543930039,
        13.990415181370821,
        13.510841863849805,
        13.351110731030445,
        14.012950433470564,
        13.928842876215953,
        13.016013913439508,
        13.363564907514387,
        13.246604237140673,
        13.516495499965004,
        12.950068254440623,
        13.165385708254917,
        13.204412144770572,
        13.084846441234788,
        12.893376280820178,
        12.754814765660853,
        12.499490445830702,
        13.860946587986518,
        13.548489034532281,
        13.731779297270691,
        13.290971526513658,
        13.797587825150515,
        13.31455519913169,
        13.158459208570093,
        13.737381741646743,
        14.24068331073886,
        14.169939520033608,
        13.815614247557278,
        14.5431194903,
        13.647058971287379,
        13.47233204389272,
        14.166587414537219,
        14.215849873754678,
        14.140106203335847,
        14.316518666164427,
        14.37690184225869,
        15.098886021185535,
        14.06370155255263,
        14.48418466356236,
        13.727487367996105,
        14.28269257251145,
        14.11222445862677,
        13.902509241864323,
        13.231442997574618,
        13.112300433365249,
        13.112621381134431,
        13.16558944551025,
        13.600688142763602,
        13.445298545057767,
        13.200994130619847,
        12.388649704746172,
        12.854774404723457,
        12.607494410751542,
        12.6917893857036,
        12.824353422586341,
        12.548557285885522,
        12.555663935151415,
        13.189049982387246,
        12.145695869580095,
        12.451816971592962,
        12.77996112804783,
        12.072971630885377,
        12.499397208330379,
        12.10845180798583,
        11.964825031770715,
        12.592840103363415,
        12.009954201212167,
        12.242162690586156,
        11.99076416641958,
        11.440596733001257,
        12.634165215560074,
        12.783996060501067,
        12.08942720322807,
        12.019343085310652,
        11.981577024315357,
        11.993989322217658,
        12.179434156309753,
        11.242950788573353,
        11.292814746673116,
        11.011788912494012,
        12.327629130992136,
        11.992741827793793,
        11.83340070352574
    ]
}