{
    "field_x_um": [
        0.0,
        0.5,
        1.0,
        1.5,
        2.0
    ],
    "field_z_um": [
        0.0
    ],
    "fwhm_x_um": [
        13.320741604285168,
        12.116119509680274,
        12.633169873978495,
        12.093221734115346,
        12.221376401227204
    ],
    "fwhm_z_um": [
        13.591986003121692,
        12.91000085405868,
        11.659973324432553,
        12.620130781790515,
        12.362601653656887
    ]
}