{
    "field_x_um": [
        -30.0,
        -20.714285714285715,
        -11.428571428571427,
        -2.142857142857139,
        7.142857142857146,
        16.42857142857143,
        25.714285714285722,
        35.0,
        44.28571428571429,
        53.571428571428584,
        62.85714285714286,
        72.14285714285715,
        81.42857142857144,
        90.71428571428572,
        100.0
    ],
    "field_z_um": [
        0.0
    ],
    "fwhm_x_um": [
        1207.6905374680514,
        1092.1128996963575,
        97.55538168436806,
        14.770022986553428,
        10.359126711486738,
        15.44879542105275,
        23.464067533061893,
        30.381697602284476,
        40.99556535048964,
        44.72026265277282,
        45.65625418499076,
        44.009055395380756,
        35.58163167518978,
        28.33236634103696,
        18.609625534256793
    ],
    "fwhm_z_um": [
        14.51569038813636,
        13.791450423910273,
        13.848945976228743,
        13.584885266783587,
        12.238715766659865,
        12.269806505568978,
        12.578539410834498,
        12.7726531126557,
        12.882465774534099,
        14.326491808127503,
        16.02354963011184,
        12.256050954051526,
        11.710823178087052,
        9.919456717589574,
        7.031124013762397
    ]
}