{"me_theta":0.0041,"me_p":1.8675732281557,"me_q":0.21173363754488753,"me_lu":0.0307048578340419,"me_ld":0.0307048578340419,"mh_theta":0.004,"mh_p":0.1522950272043162,"mh_q":0.073005516990590824,"mh_lu":0.024725665973568206,"mh_ld":0.020873352062217975}