{"me_theta":0.0033,"me_p":0.29048560297570508,"me_q":0.1701294543374734,"me_lu":0.13252876651836518,"me_ld":0.0510353734682485,"mh_theta":0.0012,"mh_p":5.62640758467742,"mh_q":0.087017623952606718,"mh_lu":0.0607068884743155,"mh_ld":0.0607068884743155}