{
  "me_theta": 0.0043,
  "me_p": 1.856295282822527,
  "me_q": 0.26332741752829919,
  "me_lu": 0.016704314896916393,
  "me_ld": 0.016704314896916393,
  "mh_theta": 0.00425,
  "mh_p": 0.22558175606239408,
  "mh_q": 0.10598097651196822,
  "mh_lu": 0.015034105172025457,
  "mh_ld": 0.013962004596245253
}