{"me_theta":0.004,"me_p":5.91430181033111,"me_q":0.121330989671881,"me_lu":0.0262126234463116,"me_ld":0.0262126234463116,"mh_theta":0.0038,"mh_p":0.072372146846627836,"mh_q":0.036747852598416071,"mh_lu":0.01874216996571694,"mh_ld":0.014667669254970149}