{"me_theta":0.0033,"me_p":0.33930792572006463,"me_q":0.22287055837746203,"me_lu":0.0869148290404594,"me_ld":0.045828276273024347,"mh_theta":0.0012,"mh_p":1.5675260216996,"mh_q":0.12969946718865608,"mh_lu":0.0630843416622215,"mh_ld":0.0630843416622215}