{
  "vmh_theta": 0.001431940125813695,
  "vmh_p": 1.5360647628949868,
  "vmh_q": 0.056457794590914288,
  "vmh_lu": 0.028860921103709372,
  "vmh_ld": 0.028860921103709372,
  "hmh_theta": 0.00065535305147537844,
  "hmh_p": 1.6413047769700211,
  "hmh_q": 0.15933687464918392,
  "hmh_lu": 0.067219323150915389,
  "hmh_ld": 0.067219323150915389,
  "vme_theta": 0.004,
  "vme_p": 0.3269940288670008,
  "vme_q": 0.19340496022015297,
  "vme_lu": 0.089073386443393368,
  "vme_ld": 0.045053715820279706,
  "hme_theta": 0.0039977897244797963,
  "hme_p": 0.42398637431628039,
  "hme_q": 0.094051680754108746,
  "hme_lu": 0.045299051829561468,
  "hme_ld": 0.021676076595183072
}