{"me_theta":0.0039,"me_p":5.9271836216548666,"me_q":0.10670606035827848,"me_lu":0.020060310252293028,"me_ld":0.020060310252293028,"mh_theta":0.0038,"mh_p":0.068041539723919714,"mh_q":0.034160230963811343,"mh_lu":0.014599872175345977,"mh_ld":0.01192458313215952}