{
    "field_x_um": [
        0
    ],
    "field_z_um": [
        -20.0,
        5.0,
        30.0,
        55.0,
        80.0
    ],
    "fwhm_x_um": [
        8.534324488287568,
        9.064867565613138,
        9.618711792314496,
        9.827520821610463,
        9.814232555760192
    ],
    "fwhm_z_um": [
        11.923279393199266,
        8.259093823476803,
        9.019037176789766,
        9.65150512414607,
        7.21025728820905
    ]
}